City_ID,City,Country,Lat,Lng,Max Temp,Humidity,Cloudiness,Wind Speed,Current Description
0,Butaritari,KI,3.0707,172.7902,80.73,81,6,17.63,clear sky
1,Cayenne,GF,4.9333,-52.3333,82.4,89,75,14.97,light rain
2,Banda Aceh,ID,5.5577,95.3222,79.84,81,30,6.38,scattered clouds
3,Kyra,RU,49.5776,111.9753,0.64,87,92,2.35,overcast clouds
4,Cherskiy,RU,68.75,161.3,-2.72,74,65,2.17,broken clouds
5,Ushuaia,AR,-54.8,-68.3,57.2,54,20,14.97,few clouds
6,Kapaa,US,22.0752,-159.319,57.2,82,1,8.05,clear sky
7,Svetlyy,RU,54.675,20.1347,10.4,85,20,8.95,few clouds
8,Flinders,AU,-34.5833,150.8552,68.0,80,89,4.0,overcast clouds
9,Iqaluit,CA,63.7506,-68.5145,23.0,58,75,8.05,broken clouds
10,Atuona,PF,-9.8,-139.0333,78.93,76,39,21.21,scattered clouds
11,Grand Forks,US,47.9417,-97.4337,-18.0,69,1,8.05,clear sky
12,Airai,TL,-8.9266,125.4092,61.54,100,100,2.24,moderate rain
13,Hermanus,ZA,-34.4187,19.2345,72.0,61,56,1.99,broken clouds
14,Busselton,AU,-33.65,115.3333,63.0,98,100,1.01,overcast clouds
15,Torbay,CA,47.6666,-52.7314,34.0,51,20,40.29,few clouds
16,Provideniya,RU,64.3833,-173.3,-3.78,77,0,15.43,clear sky
17,Manokwari,ID,-0.8667,134.0833,78.8,83,96,2.19,overcast clouds
18,Pak Chong,TH,14.708,101.4161,84.99,43,69,3.62,broken clouds
19,Kahului,US,20.8947,-156.47,64.0,77,40,3.44,scattered clouds
20,Mataura,NZ,-46.1927,168.8643,52.79,90,99,1.83,overcast clouds
21,Thompson,CA,55.7435,-97.8558,-36.4,61,75,13.8,snow
22,Wilmington Island,US,32.0036,-80.9737,46.4,87,90,11.5,overcast clouds
23,Atambua,ID,-9.1061,124.8925,75.33,90,100,3.62,overcast clouds
24,Rikitea,PF,-23.1203,-134.9692,77.05,73,92,10.58,overcast clouds
25,Neiafu,TO,-18.65,-173.9833,77.0,94,75,12.66,moderate rain
26,Saint George,US,37.1041,-113.5841,30.2,64,1,0.74,clear sky
27,Port Moresby,PG,-9.4431,147.1797,77.0,100,40,5.75,scattered clouds
28,Lake Havasu City,US,34.4839,-114.3224,53.01,31,1,2.75,clear sky
29,Bredasdorp,ZA,-34.5322,20.0403,71.6,49,87,12.66,overcast clouds
30,Hovd,MN,48.0056,91.6419,14.34,87,80,0.98,broken clouds
31,East London,ZA,-33.0153,27.9116,73.4,78,20,11.5,few clouds
32,Bougouni,ML,11.417,-7.479,98.91,10,84,7.7,broken clouds
33,Upernavik,GL,72.7868,-56.1549,18.82,81,29,2.53,scattered clouds
34,Husavik,IS,66.0449,-17.3389,32.0,80,75,3.44,broken clouds
35,Bengkulu,ID,-3.8004,102.2655,78.31,84,100,6.64,overcast clouds
36,Yellowknife,CA,62.456,-114.3525,-45.99,65,1,5.75,clear sky
37,Kanniyakumari,IN,8.0833,77.5667,79.32,69,0,18.3,clear sky
38,Puerto Ayora,EC,-0.7393,-90.3518,80.6,78,0,12.66,clear sky
39,Santander,ES,43.4647,-3.8044,52.0,54,90,3.44,overcast clouds
40,Albany,US,42.6001,-73.9662,25.0,68,90,7.34,light snow
41,Hithadhoo,MV,-0.6,73.0833,82.26,72,64,11.9,broken clouds
42,Suntar,RU,62.1444,117.6319,-2.18,89,100,9.4,overcast clouds
43,Bluff,NZ,-46.6,168.3333,54.59,90,100,4.03,overcast clouds
44,Hilo,US,19.7297,-155.09,64.4,63,20,8.05,few clouds
45,Batagay-Alyta,RU,67.8006,130.4114,-34.02,81,0,1.45,clear sky
46,Manihari,IN,25.35,87.6333,62.55,48,0,6.04,clear sky
47,Novikovo,RU,51.1537,37.8879,3.94,90,24,8.99,few clouds
48,Verkhnyaya Toyma,RU,62.2349,44.9985,-16.24,86,100,7.07,overcast clouds
49,Punta Arenas,CL,-53.15,-70.9167,59.0,47,0,10.36,clear sky
50,Fort Frances,CA,48.5999,-93.4003,-25.6,68,1,10.36,clear sky
51,Thinadhoo,MV,0.5333,72.9333,82.06,74,40,12.5,scattered clouds
52,Wladyslawowo,PL,54.7909,18.4009,24.01,79,75,6.91,broken clouds
53,New Norfolk,AU,-42.7826,147.0587,55.4,62,90,8.05,overcast clouds
54,Hobart,AU,-42.8794,147.3294,55.4,62,90,8.05,overcast clouds
55,Maryville,US,35.7565,-83.9705,36.0,93,90,3.44,mist
56,Santa Rosa,PH,14.3122,121.1114,80.01,83,20,4.61,few clouds
57,Soyo,AO,-6.1349,12.3689,87.8,74,75,8.05,broken clouds
58,Cabo San Lucas,MX,22.8909,-109.9124,60.8,67,40,2.17,scattered clouds
59,Nanortalik,GL,60.1432,-45.2371,34.14,83,100,20.24,overcast clouds
60,Vaini,TO,-21.2,-175.2,77.0,100,75,8.05,broken clouds
61,Komsomolskiy,UZ,40.4272,71.7189,46.18,82,100,5.77,overcast clouds
62,Stephenville,US,32.2207,-98.2023,37.0,93,90,11.5,overcast clouds
63,Port Alfred,ZA,-33.5906,26.891,69.01,93,42,1.99,scattered clouds
64,Haines Junction,CA,60.7522,-137.5108,-27.4,68,60,1.14,broken clouds
65,Arraial Do Cabo,BR,-22.9661,-42.0278,78.8,78,75,8.05,light rain
66,Ialibu,PG,-6.2821,143.9935,57.43,98,100,2.26,overcast clouds
67,Yarmouth,US,41.7057,-70.2286,41.0,60,90,6.91,light rain
68,Mbandaka,CD,0.0487,18.2603,88.54,48,76,2.08,broken clouds
69,Ponta Do Sol,PT,32.6667,-17.1,64.0,68,97,8.01,overcast clouds
70,Abeche,TD,13.8292,20.8324,90.39,9,0,9.22,clear sky
71,Kyabe,TD,9.4515,18.9449,96.03,8,63,6.22,broken clouds
72,Mayumba,GA,-3.432,10.6554,82.51,79,74,7.49,moderate rain
73,Meulaboh,ID,4.1363,96.1285,80.22,76,18,1.92,few clouds
74,Gat,IL,31.61,34.7642,64.99,100,0,8.23,clear sky
75,Port Blair,IN,11.6667,92.75,79.72,77,0,10.18,clear sky
76,Mount Isa,AU,-20.7333,139.5,78.8,94,90,5.75,overcast clouds
77,Kruisfontein,ZA,-34.0033,24.7314,71.01,81,100,5.01,light rain
78,Chuy,UY,-33.6971,-53.4616,76.14,59,1,6.62,clear sky
79,Kavieng,PG,-2.5744,150.7967,82.87,77,33,10.16,scattered clouds
80,Mankono,CI,8.0586,-6.1897,96.51,28,82,2.24,broken clouds
81,Castro,BR,-24.7911,-50.0119,72.48,47,0,3.56,clear sky
82,Waterloo,CA,43.4668,-80.5164,14.0,73,90,21.85,light snow
83,Veraval,IN,20.9,70.3667,72.66,61,4,1.34,clear sky
84,Victoria,HK,22.2855,114.1577,69.01,82,0,4.0,clear sky
85,Lazarev,RU,52.225,141.5131,2.41,88,100,17.58,overcast clouds
86,Jalu,LY,29.0331,21.5482,78.89,17,99,13.24,overcast clouds
87,Antofagasta,CL,-23.65,-70.4,75.0,56,20,10.36,few clouds
88,Moose Factory,CA,51.2585,-80.6094,-13.0,76,90,3.44,overcast clouds
89,Chimbote,PE,-9.0853,-78.5783,76.86,60,60,6.35,broken clouds
90,Tungor,RU,53.3808,142.9564,7.99,94,100,24.72,light snow
91,Lompoc,US,34.6391,-120.4579,48.99,93,1,4.61,clear sky
92,Mar Del Plata,AR,-38.0023,-57.5575,64.99,82,90,12.66,moderate rain
93,Bridgetown,BB,13.1,-59.6167,84.2,58,40,20.71,scattered clouds
94,Tiznit,MA,29.5833,-9.5,56.61,56,23,15.19,few clouds
95,Kodiak,US,57.79,-152.4072,26.6,68,1,6.91,clear sky
96,Cape Town,ZA,-33.9258,18.4232,75.0,46,0,27.63,clear sky
97,Nikolskoye,RU,59.7035,30.7861,15.8,86,75,13.42,snow
98,Kankaanpaa,FI,61.8,22.4167,23.0,86,0,6.91,clear sky
99,Mahina,PF,-17.5065,-149.489,75.2,78,40,2.3,light rain
100,Kimberley,ZA,-28.7323,24.7623,89.6,37,40,3.44,scattered clouds
101,Denpasar,ID,-8.65,115.2167,77.0,94,40,9.22,scattered clouds
102,Gimli,CA,50.6336,-96.9907,-25.6,62,1,5.75,clear sky
103,Cidreira,BR,-30.1811,-50.2056,76.77,66,63,8.7,broken clouds
104,Nalut,LY,30.3333,10.85,76.1,20,79,29.95,broken clouds
105,Severo-Kurilsk,RU,50.6789,156.125,20.95,90,97,20.62,overcast clouds
106,Richards Bay,ZA,-28.783,32.0377,80.78,74,67,6.89,broken clouds
107,Esperance,AU,-33.8667,121.9,64.4,82,90,14.97,overcast clouds
108,Shestakovo,RU,56.4915,103.96,21.61,95,100,7.63,light snow
109,Nelson Bay,AU,-32.7167,152.15,71.01,83,75,10.36,light rain
110,Nueva Helvecia,UY,-34.3,-57.2333,84.0,45,0,5.39,clear sky
111,Coquimbo,CL,-29.9533,-71.3436,66.2,68,75,6.91,broken clouds
112,Mufumbwe,ZM,-13.6833,24.8,77.59,80,100,0.96,light rain
113,Santa Cruz,BO,-17.8,-63.1667,87.8,51,40,2.3,scattered clouds
114,Kamenka,RU,51.3223,42.7678,-3.26,91,60,9.95,broken clouds
115,Aitape,PG,-3.1374,142.3475,77.52,86,98,5.5,overcast clouds
116,Nantucket,US,41.2835,-70.0995,39.2,75,90,18.41,light rain
117,Pisco,PE,-13.7,-76.2167,73.99,88,75,3.44,broken clouds
118,Merrill,US,45.1805,-89.6835,-15.0,63,1,4.61,clear sky
119,Pucallpa,PE,-8.3791,-74.5539,84.2,74,75,4.61,broken clouds
120,Nyurba,RU,63.2842,118.3319,-7.47,88,100,8.1,overcast clouds
121,Sorland,NO,67.667,12.6934,37.4,65,20,17.27,few clouds
122,Bairiki,KI,1.3292,172.9752,80.6,83,75,5.75,moderate rain
123,Salalah,OM,17.0151,54.0924,75.2,69,75,4.61,broken clouds
124,Tuktoyaktuk,CA,69.4541,-133.0374,-22.0,76,90,13.8,snow
125,Mount Gambier,AU,-37.8333,140.7667,55.4,71,90,8.05,overcast clouds
126,Bastogne,BE,50.0035,5.7184,39.0,75,77,6.13,broken clouds
127,Visnes,NO,59.3556,5.2242,28.0,46,0,11.5,clear sky
128,Fallon,US,39.4735,-118.7774,33.01,74,1,6.91,clear sky
129,Troitsko-Pechorsk,RU,62.7084,56.1964,-25.15,85,100,9.98,light snow
130,Anadyr,RU,64.75,177.4833,-4.0,71,0,8.95,clear sky
131,Okhotsk,RU,59.3833,143.3,14.16,88,100,23.85,overcast clouds
132,Paamiut,GL,61.994,-49.6678,33.24,81,87,15.23,overcast clouds
133,Carnarvon,AU,-24.8667,113.6333,78.8,100,40,12.66,scattered clouds
134,Dauphin,CA,51.1494,-100.0502,-29.2,68,1,12.66,clear sky
135,Christchurch,NZ,-43.5333,172.6333,60.01,94,14,10.36,few clouds
136,Auki,SB,-8.7676,160.7034,78.06,84,87,6.69,overcast clouds
137,Touros,BR,-5.1989,-35.4608,89.6,55,75,16.11,broken clouds
138,Lavrentiya,RU,65.5833,-171.0,-11.49,81,0,4.65,clear sky
139,Tiksi,RU,71.6872,128.8694,-29.69,83,87,3.89,overcast clouds
140,Novobirilyussy,RU,56.9514,90.6661,32.59,95,100,11.5,overcast clouds
141,Chapais,CA,49.7834,-74.8492,8.6,85,90,9.22,light snow
142,Barrow,US,71.2906,-156.7887,-18.4,69,90,11.5,light snow
143,Shimanovsk,RU,52.0,127.7,-11.58,88,0,7.49,clear sky
144,Lenine,UA,45.2986,35.7771,32.2,91,95,9.66,overcast clouds
145,Poum,NC,-20.2333,164.0167,79.75,70,94,1.86,overcast clouds
146,Dakar,SN,14.6937,-17.4441,73.4,49,0,17.27,clear sky
147,Pleshanovo,RU,52.8333,53.4833,-7.83,89,100,11.16,overcast clouds
148,Shahe,CN,39.2708,113.5478,25.77,72,0,4.05,clear sky
149,Pasni,PK,25.2631,63.471,69.67,51,0,7.05,clear sky
150,Mehamn,NO,71.0357,27.8492,23.04,94,98,20.18,light snow
151,Havoysund,NO,70.9963,24.6622,24.8,63,75,13.8,light snow
152,Igrim,RU,63.1906,64.4162,-5.75,91,100,14.36,snow
153,Madinat Sittah Uktubar,EG,29.8167,31.05,73.4,40,0,8.05,clear sky
154,Lazaro Cardenas,MX,17.9583,-102.2,76.75,66,16,4.74,few clouds
155,Yatou,CN,37.15,122.3833,28.87,81,80,15.3,broken clouds
156,Erzurum,TR,40.0,41.5,30.2,80,0,3.44,clear sky
157,Saint-Pierre,RE,-21.3393,55.4781,82.4,74,75,6.91,light rain
158,Tateyama,JP,34.9833,139.8667,48.0,46,66,4.0,broken clouds
159,Tigil,RU,57.8,158.6667,29.66,95,3,28.59,clear sky
160,Santa Ines,BR,-3.6667,-45.38,88.27,60,41,5.08,scattered clouds
161,Basar,IN,27.9833,94.6667,53.85,61,0,2.26,clear sky
162,Ndele,CF,8.4109,20.6473,93.9,10,73,6.58,broken clouds
163,Natal,BR,-5.795,-35.2094,89.6,55,75,13.8,broken clouds
164,Grenfell,AU,-33.9,148.1667,64.94,63,100,4.59,overcast clouds
165,Port Hardy,CA,50.6996,-127.4199,39.2,93,75,4.61,light rain
166,Daru,PG,-9.0763,143.2092,79.48,86,56,12.06,broken clouds
167,Wanxian,CN,30.8039,108.3897,51.28,77,100,4.36,overcast clouds
168,Shaowu,CN,27.3409,117.4831,60.94,77,14,2.68,few clouds
169,Golyshmanovo,RU,56.3979,68.3728,3.27,91,100,19.15,overcast clouds
170,Antalaha,MG,-14.9003,50.2788,81.25,76,65,5.46,broken clouds
171,Zambezi,ZM,-13.5432,23.1047,79.07,76,100,4.23,overcast clouds
172,Talnakh,RU,69.4865,88.3972,-24.18,72,0,3.69,clear sky
173,Udaipura,IN,23.0833,78.5,61.79,30,0,6.24,clear sky
174,Manono,CD,-7.3,27.4167,81.14,83,74,4.16,light rain
175,Whitehorse,CA,60.7161,-135.0538,-7.01,77,90,2.51,light snow
176,Yulara,AU,-25.2406,130.9889,82.4,26,0,9.22,clear sky
177,Los Llanos De Aridane,ES,28.6585,-17.9182,66.2,63,75,11.5,broken clouds
178,San Patricio,US,28.017,-97.5169,59.0,67,1,6.91,clear sky
179,Lorengau,PG,-2.0226,147.2712,81.91,81,97,8.95,overcast clouds
180,Saskylakh,RU,71.9167,114.0833,-38.58,78,25,11.65,scattered clouds
181,Praia,CV,14.9215,-23.5087,73.4,56,40,24.16,scattered clouds
182,Moron,AR,-34.6534,-58.6198,89.01,38,0,3.0,clear sky
183,Parnamirim,BR,-5.9156,-35.2628,89.6,55,75,13.8,broken clouds
184,Zhanakorgan,KZ,43.9098,67.2495,38.52,74,81,11.48,broken clouds
185,Avarua,CK,-21.2078,-159.775,77.0,94,20,5.75,light rain
186,Port Elizabeth,ZA,-33.918,25.5701,68.0,100,75,10.36,light intensity drizzle
187,Saint-Joseph,RE,-21.3667,55.6167,82.4,74,75,6.91,broken clouds
188,Gravelbourg,CA,49.8834,-106.5512,-23.8,62,69,4.61,broken clouds
189,Omsukchan,RU,62.5333,155.8,1.87,87,100,13.4,overcast clouds
190,Bambous Virieux,MU,-20.3428,57.7575,82.0,89,40,11.5,scattered clouds
191,Bassano,CA,50.7834,-112.4685,-20.99,67,92,2.3,overcast clouds
192,Codrington,AU,-38.2667,141.9667,56.61,68,80,10.69,broken clouds
193,Taguatinga,BR,-12.3857,-46.5711,70.32,95,100,0.65,overcast clouds
194,Dikson,RU,73.5069,80.5464,-26.86,87,91,10.58,overcast clouds
195,Jamestown,US,42.097,-79.2353,21.0,86,90,6.91,light snow
196,Saint-Philippe,RE,-21.3585,55.7679,82.4,74,75,6.91,broken clouds
197,Baghdad,IQ,33.3406,44.4009,66.2,63,40,6.91,scattered clouds
198,Georgetown,MY,5.4112,100.3354,84.2,74,20,3.44,few clouds
199,Qaanaaq,GL,77.484,-69.3632,10.8,88,99,3.11,overcast clouds
200,Fort Nelson,CA,58.8053,-122.7002,-34.6,67,40,3.15,scattered clouds
201,Yaan,NG,7.3833,8.5667,101.39,8,100,6.93,overcast clouds
202,Manaure,CO,11.7751,-72.4445,82.99,61,100,23.96,overcast clouds
203,Lagoa,PT,39.05,-27.9833,58.28,75,100,19.66,overcast clouds
204,Kampot,KH,10.6167,104.1833,75.2,88,20,1.14,few clouds
205,Puerto Penasco,MX,31.3167,-113.5333,46.4,53,1,4.61,clear sky
206,Horn Lake,US,34.9554,-90.0348,35.01,80,90,12.66,overcast clouds
207,Borzya,RU,50.3833,116.5167,-15.93,86,0,1.19,clear sky
208,Murmansk,RU,68.0,34.0,10.0,87,70,3.98,broken clouds
209,Clyde River,CA,70.4692,-68.5914,-7.6,84,75,11.5,broken clouds
210,Sao Felix Do Xingu,BR,-6.6447,-51.995,88.84,54,63,2.39,broken clouds
211,Chokurdakh,RU,70.6333,147.9167,-28.41,84,53,1.95,broken clouds
212,Rodnykove,UA,45.043,33.9541,37.99,84,100,11.25,overcast clouds
213,Klaksvik,FO,62.2266,-6.589,35.6,80,40,11.5,scattered clouds
214,Plakhtiyivka,UA,46.1006,29.7217,32.14,95,100,12.75,overcast clouds
215,Namibe,AO,-15.1961,12.1522,78.8,65,40,11.5,scattered clouds
216,Chernyshevskiy,RU,63.0128,112.4714,2.39,95,100,5.88,light snow
217,Nizwa,OM,22.9333,57.5333,62.76,34,0,2.62,clear sky
218,Jumla,NP,29.2747,82.1838,35.53,61,0,7.23,clear sky
219,Gaoual,GN,11.75,-13.2,103.28,9,0,6.31,clear sky
220,Lebu,CL,-37.6167,-73.65,62.51,79,79,4.23,broken clouds
221,San Ramon,US,37.7799,-121.978,46.99,75,1,4.61,clear sky
222,Conceicao Do Araguaia,BR,-8.2578,-49.2647,79.52,84,100,5.82,overcast clouds
223,Kyzyl-Suu,KG,42.3414,78.0056,35.98,77,100,4.81,overcast clouds
224,Naryan-Mar,RU,67.6713,53.087,-19.7,87,100,13.31,overcast clouds
225,Vestmannaeyjar,IS,63.4427,-20.2734,37.4,75,40,24.16,scattered clouds
226,Faya,SA,18.3851,42.4509,62.6,58,20,9.22,few clouds
227,Mahebourg,MU,-20.4081,57.7,80.6,89,40,11.5,scattered clouds
228,Cuamba,MZ,-14.8031,36.5372,80.67,82,71,2.84,light rain
229,Luderitz,NA,-26.6481,15.1594,78.31,47,0,34.69,clear sky
230,At-Bashi,KG,41.1702,75.8106,25.07,87,100,1.92,overcast clouds
231,Magadan,RU,59.5667,150.8,14.76,88,100,20.8,overcast clouds
232,Sicuani,PE,-14.2694,-71.2261,57.31,50,52,3.22,broken clouds
233,Gornopravdinsk,RU,60.05,69.9,2.62,91,100,14.25,overcast clouds
234,La Ronge,CA,55.1001,-105.2842,-43.6,66,0,5.75,clear sky
235,Bugulma,RU,54.55,52.8,-7.13,90,100,15.73,overcast clouds
236,Padang,ID,-0.9492,100.3543,80.6,89,20,2.3,few clouds
237,Bilibino,RU,68.0546,166.4372,-1.98,71,0,4.97,clear sky
238,Sinnamary,GF,5.3833,-52.95,78.96,86,72,14.58,broken clouds
239,Praia Da Vitoria,PT,38.7333,-27.0667,63.0,88,40,17.92,scattered clouds
240,Tasiilaq,GL,65.6145,-37.6368,21.2,63,1,3.44,clear sky
241,Prince Rupert,CA,54.3161,-130.3201,33.8,86,1,6.91,clear sky
242,Sacramento,US,38.4666,-121.3177,43.0,100,1,4.41,fog
243,Micheweni,TZ,-4.9667,39.8333,82.18,76,84,14.74,broken clouds
244,Alta Floresta,BR,-9.8756,-56.0861,72.41,97,100,4.72,overcast clouds
245,Wad Rawah,SD,15.1603,33.1397,84.7,16,0,15.01,clear sky
246,Xifeng,CN,42.7372,124.7222,1.22,90,0,4.09,clear sky
247,Cerrito,CO,6.8432,-72.694,77.0,61,20,6.91,few clouds
248,Constantine,DZ,36.365,6.6147,55.4,58,40,10.36,scattered clouds
249,Khartoum,SD,15.5518,32.5324,84.2,18,0,13.8,clear sky
250,Ilulissat,GL,69.2167,-51.1,23.0,46,0,35.68,mist
251,Tomatlan,MX,19.9333,-105.25,71.38,76,11,1.59,few clouds
252,Lively,CA,46.4334,-81.1498,8.01,60,20,9.22,few clouds
253,Kentau,KZ,43.5206,68.5094,40.64,74,100,5.95,overcast clouds
254,Pipri,IN,19.8,75.5333,71.6,40,0,2.3,clear sky
255,Askino,RU,56.0901,56.5783,-5.73,89,100,14.38,overcast clouds
256,Buraydah,SA,26.326,43.975,59.0,94,75,18.41,broken clouds
257,Flin Flon,CA,54.7682,-101.865,-38.2,67,1,9.22,snow
258,Basco,PH,20.4487,121.9702,74.19,85,100,23.15,overcast clouds
259,Sitka,US,57.0531,-135.33,30.2,59,75,3.44,broken clouds
260,Senekal,ZA,-28.3197,27.6208,80.78,37,60,3.56,broken clouds
261,Darhan,MN,49.4867,105.9228,4.48,88,6,6.35,clear sky
262,Bandarban,BD,22.1965,92.2262,61.18,50,0,2.48,clear sky
263,Labuhan,ID,-6.8844,112.2051,79.68,83,99,13.2,overcast clouds
264,Bethel,US,41.3712,-73.414,30.0,64,90,5.75,snow
265,Plettenberg Bay,ZA,-34.0527,23.3716,66.45,80,99,7.14,overcast clouds
266,Sakakah,SA,29.9697,40.2064,64.4,29,0,4.61,clear sky
267,Saldanha,ZA,-33.0117,17.9442,73.4,46,0,25.32,clear sky
268,Saint-Francois,FR,46.4154,3.9054,45.0,65,75,9.22,broken clouds
269,Fernandopolis,BR,-20.2839,-50.2464,84.67,48,1,1.68,clear sky
270,Souillac,MU,-20.5167,57.5167,80.6,89,40,11.5,scattered clouds
271,Nome,US,64.5011,-165.4064,6.8,78,90,3.65,overcast clouds
272,Lata,PT,40.1629,-8.3327,55.0,84,100,1.99,overcast clouds
273,Pajapan,MX,18.25,-94.7,77.0,78,75,11.5,broken clouds
274,Parkes,AU,-33.1333,148.1833,66.99,73,93,3.67,overcast clouds
275,Rochdale,GB,53.6177,-2.1552,37.0,87,95,1.99,overcast clouds
276,Neulengbach,AT,48.1974,15.9022,33.01,99,100,8.01,light snow
277,Longyearbyen,SJ,78.2186,15.6401,17.6,67,75,19.57,light snow
278,Grindavik,IS,63.8424,-22.4338,33.8,64,20,14.97,few clouds
279,Cherkasskoye,RU,52.4333,47.2167,-5.42,88,99,11.95,overcast clouds
280,Baykit,RU,61.67,96.37,26.31,96,100,4.85,overcast clouds
281,Koulamoutou,GA,-1.1303,12.4736,81.39,70,85,2.28,overcast clouds
282,Salinopolis,BR,-0.6136,-47.3561,81.52,84,50,10.6,scattered clouds
283,The Valley,AI,18.217,-63.0578,82.4,69,40,19.57,scattered clouds
284,Necochea,AR,-38.5473,-58.7368,61.0,93,89,14.27,light rain
285,Riom,FR,45.9167,2.9167,46.4,61,75,9.22,broken clouds
286,Canico,PT,32.6333,-16.85,64.4,68,40,8.05,scattered clouds
287,Dingle,PH,10.9995,122.6711,75.97,90,100,8.84,moderate rain
288,Homer,US,59.6425,-151.5483,21.2,92,1,5.75,clear sky
289,Pevek,RU,69.7008,170.3133,-7.65,87,0,2.13,clear sky
290,Tuatapere,NZ,-46.1333,167.6833,55.0,73,100,4.9,overcast clouds
291,Belyy Yar,RU,53.6039,91.3903,17.6,86,100,2.24,overcast clouds
292,Fastovetskaya,RU,45.9189,40.1589,28.15,91,96,4.38,light snow
293,Gasa,PS,31.5,34.4667,64.99,100,0,8.5,clear sky
294,Middletown,US,39.5151,-84.3983,14.0,73,1,9.22,clear sky
295,Eureka,US,40.8021,-124.1637,45.0,90,1,5.35,clear sky
296,Mahon,ES,39.8885,4.2658,50.0,87,75,11.5,broken clouds
297,Sterlibashevo,RU,53.4376,55.2578,-6.16,89,100,14.05,overcast clouds
298,Biak,ID,-0.9131,122.8766,77.85,81,100,1.43,light rain
299,Porto Novo,BJ,6.4965,2.6036,89.6,70,20,16.11,few clouds
300,Itarema,BR,-2.9248,-39.9167,89.78,53,4,14.65,clear sky
301,Bogandinskiy,RU,56.8937,65.8938,6.8,78,75,15.66,snow
302,Shimoda,JP,34.6667,138.95,43.0,54,0,1.01,clear sky
303,Hobyo,SO,5.3505,48.5268,79.23,71,0,19.24,clear sky
304,Tucuman,AR,-26.8241,-65.2226,82.4,57,0,3.44,clear sky
305,Parrita,CR,9.5201,-84.3225,78.8,60,20,12.66,few clouds
306,Litovko,RU,49.2361,135.1742,-2.9,90,99,4.52,overcast clouds
307,Victor Harbor,AU,-35.5667,138.6167,57.99,93,44,14.65,scattered clouds
308,Sao Filipe,CV,14.8961,-24.4956,71.56,65,58,11.56,broken clouds
309,Krasnoselkup,RU,65.7,82.4667,3.13,94,100,18.45,light snow
310,Andenes,NO,69.3143,16.1194,32.0,69,75,25.32,broken clouds
311,Les Cayes,HT,18.2,-73.75,80.51,66,46,15.75,scattered clouds
312,Fortuna,US,40.5982,-124.1573,45.0,93,90,4.32,overcast clouds
313,Khatanga,RU,71.9667,102.5,-31.67,79,0,9.17,clear sky
314,Muros,ES,42.7762,-9.0603,51.01,92,100,5.99,overcast clouds
315,Soe,ID,-9.8607,124.284,66.6,100,100,3.09,overcast clouds
316,Ust-Tsilma,RU,65.441,52.1498,-24.63,84,100,9.98,overcast clouds
317,Vostok,RU,46.4856,135.8833,-12.33,91,100,2.73,light snow
318,Iranshahr,IR,27.2025,60.6848,77.0,15,0,5.06,clear sky
319,Geraldton,AU,-28.7667,114.6,69.8,78,75,10.36,broken clouds
320,Iwanai,JP,42.9744,140.5089,21.92,95,99,10.0,snow
321,Dafeng,CN,23.4517,108.5881,72.37,52,1,2.8,clear sky
322,Kamina,CD,-8.7386,24.9906,76.57,75,77,7.49,light rain
323,Pangnirtung,CA,66.1451,-65.7125,26.2,80,0,14.58,clear sky
324,Soldotna,US,60.4878,-151.0583,9.0,92,90,3.44,light snow
325,Margate,GB,51.3813,1.3862,30.99,86,100,5.99,snow
326,Mezen,RU,65.8522,44.24,-17.84,88,99,8.14,overcast clouds
327,Mollendo,PE,-17.0231,-72.0147,76.26,68,84,9.35,broken clouds
328,Salekhard,RU,66.53,66.6019,-17.59,87,100,30.51,light snow
329,Avera,US,33.194,-82.5271,41.0,85,90,6.91,haze
330,Verkhoyansk,RU,67.5447,133.385,-31.49,82,0,1.01,clear sky
331,Alenquer,BR,-1.9417,-54.7383,86.0,66,40,4.61,scattered clouds
332,Lasa,IT,46.6166,10.7002,41.0,55,90,5.75,mist
333,Gidole,ET,5.65,37.3667,72.52,42,72,3.87,broken clouds
334,Manbij,SY,36.5281,37.9549,59.0,67,0,6.91,clear sky
335,Polyarnyy,RU,69.1989,33.4478,15.8,92,75,2.24,light snow
336,Chicama,PE,-7.8447,-79.1469,71.6,83,65,9.22,light rain
337,Matelandia,BR,-25.2408,-53.9964,82.4,61,0,6.91,clear sky
338,Colesberg,ZA,-30.72,25.0972,90.0,17,57,12.97,broken clouds
339,Chiredzi,ZW,-21.05,31.6667,86.23,56,75,7.09,broken clouds
340,Torzhok,RU,57.0436,34.9622,9.95,94,100,10.36,overcast clouds
341,Vila Franca Do Campo,PT,37.7167,-25.4333,62.01,94,75,16.11,broken clouds
342,Hofn,IS,64.2539,-15.2082,35.6,80,75,9.22,broken clouds
343,Beyla,GN,8.6833,-8.6333,99.14,13,22,6.8,few clouds
344,Leningradskiy,RU,69.3833,178.4167,-13.14,76,10,5.5,clear sky
345,Babushkin,RU,51.7122,105.8647,14.18,90,99,4.92,overcast clouds
346,Otavi,NA,-19.65,17.3333,82.94,46,91,15.5,overcast clouds
347,Kuching,MY,1.55,110.3333,77.0,94,20,2.3,light rain
348,Tazovskiy,RU,67.4667,78.7,-14.96,88,100,19.22,overcast clouds
349,Goderich,CA,43.7501,-81.7165,12.2,67,98,14.97,overcast clouds
350,Olafsvik,IS,64.8945,-23.7142,34.38,83,0,14.72,clear sky
351,Teya,RU,60.3778,92.6267,29.88,96,92,10.04,overcast clouds
352,Faanui,PF,-16.4833,-151.75,80.78,76,5,12.28,light rain
353,Emerald,AU,-23.5333,148.1667,80.6,83,75,6.91,broken clouds
354,Zeya,RU,53.75,127.2667,-13.88,83,44,3.62,scattered clouds
355,Wanning,CN,18.8003,110.3967,69.28,89,20,5.28,few clouds
356,Mana,GF,5.6592,-53.7767,79.2,86,87,13.89,overcast clouds
357,Sao Joao Da Barra,BR,-21.6403,-41.0511,78.8,69,90,1.48,light rain
358,Vardo,NO,70.3705,31.1107,24.8,80,75,29.93,snow
359,Khani,GE,41.9563,42.9566,46.4,100,90,6.91,overcast clouds
360,Sterling,US,39.0062,-77.4286,35.01,93,90,5.75,mist
361,Berlevag,NO,70.8578,29.0864,21.2,73,75,19.57,snow
362,Nouadhibou,MR,20.931,-17.0347,75.2,33,0,16.11,clear sky
363,San Rafael,AR,-34.6177,-68.3301,82.4,36,10,16.78,clear sky
364,Kokopo,PG,-4.352,152.2633,79.0,83,48,7.2,scattered clouds
365,Muana,BR,-1.5283,-49.2167,88.47,58,55,4.68,broken clouds
366,Wuxue,CN,29.8506,115.5525,51.93,88,100,2.42,light rain
367,Sola,VU,-13.8833,167.55,81.54,74,4,12.12,clear sky
368,Nezlobnaya,RU,44.1181,43.4028,26.6,80,90,6.71,light snow
369,Kijang,KR,35.2442,129.2139,50.0,34,0,8.05,clear sky
370,Kaitangata,NZ,-46.2817,169.8464,59.0,93,50,1.99,scattered clouds
371,Loikaw,MM,19.6742,97.2094,60.3,82,56,2.42,broken clouds
372,Portales,US,34.1862,-103.3344,43.0,22,1,11.5,clear sky
373,Aguas Formosas,BR,-17.0822,-40.9358,77.11,75,100,4.79,overcast clouds
374,Tefe,BR,-3.3542,-64.7114,82.4,89,40,4.61,light rain
375,Hasaki,JP,35.7333,140.8333,41.0,65,20,6.91,few clouds
376,Tessalit,ML,20.1986,1.0114,78.31,17,96,9.4,overcast clouds
377,Itupiranga,BR,-5.1347,-49.3267,91.4,55,40,4.61,scattered clouds
378,Arawa,PG,-6.2132,155.5367,78.12,83,100,2.17,overcast clouds
379,Bataipora,BR,-22.2953,-53.2711,79.81,65,0,5.12,clear sky
380,Coihaique,CL,-45.5752,-72.0662,62.6,55,20,8.05,few clouds
381,Matara,LK,5.9485,80.5353,77.16,88,36,1.99,scattered clouds
382,Ukiah,US,39.1502,-123.2078,39.0,87,1,1.54,clear sky
383,Huarmey,PE,-10.0681,-78.1522,75.92,61,100,6.55,overcast clouds
384,Lodi,US,38.1302,-121.2725,41.0,87,20,4.5,mist
385,Ostrovnoy,RU,68.0531,39.5131,8.89,87,99,11.41,overcast clouds
386,Teguise,ES,29.0605,-13.564,68.0,56,75,11.5,broken clouds
387,Yamada,JP,39.4667,141.95,27.16,86,0,13.67,clear sky
388,Miranda,CO,3.2499,-76.2281,80.6,65,75,2.3,broken clouds
389,Cururupu,BR,-1.8283,-44.8683,89.55,55,64,7.7,broken clouds
390,Tombouctou,ML,20.0,-3.0,77.5,17,72,14.07,broken clouds
391,Zabid,YE,14.1951,43.3152,76.33,66,55,9.42,broken clouds
392,Rafaela,AR,-31.2503,-61.4867,84.99,34,0,3.0,clear sky
393,Brae,GB,60.3964,-1.353,33.8,60,75,6.91,broken clouds
394,Zhigansk,RU,66.7697,123.3711,-26.81,83,100,14.63,overcast clouds
395,Bayevo,RU,53.2833,80.7667,19.02,92,39,14.72,scattered clouds
396,Teluk Nibung,ID,3.001,99.8164,77.83,83,99,2.86,overcast clouds
397,Sobolevo,RU,54.4299,31.8996,2.82,94,20,8.12,few clouds
398,Mogoytuy,RU,51.2833,114.9167,-7.87,87,77,1.83,broken clouds
399,Tautira,PF,-17.7333,-149.15,75.2,78,40,2.3,light rain
400,Itoman,JP,26.1247,127.6694,62.6,72,20,4.61,few clouds
401,Ixtapa,MX,20.7,-105.2,64.4,82,1,8.05,clear sky
402,Akhisar,TR,38.9185,27.8401,61.77,53,79,5.86,broken clouds
403,Shadrinsk,RU,56.0852,63.6335,-1.41,87,41,14.03,scattered clouds
404,Krasnovishersk,RU,60.4078,57.082,-13.56,87,100,7.54,light snow
405,Port Lincoln,AU,-34.7333,135.8667,59.95,80,16,17.25,few clouds
406,Wuwei,CN,37.9281,102.6414,31.17,72,77,2.86,broken clouds
407,Phuket,TH,8.0,98.25,82.4,78,75,3.44,broken clouds
408,Katsuura,JP,35.1333,140.3,48.2,49,20,21.85,few clouds
409,Malpe,IN,13.35,74.7167,80.6,69,0,5.75,clear sky
410,Elbrus,RU,43.2577,42.6443,32.59,86,100,10.33,snow
411,Acapulco,MX,16.8634,-99.8901,77.0,78,75,5.75,broken clouds
412,Balkhash,KZ,46.844,74.9804,26.6,98,98,7.7,overcast clouds
413,San Borja,BO,-14.8167,-66.85,82.87,82,40,2.35,scattered clouds
414,Mogocha,RU,53.7333,119.7667,-15.12,85,0,2.48,clear sky
415,Lagos,NG,6.5833,3.75,95.0,55,75,10.36,broken clouds
416,Santo Tomas,PH,14.1079,121.1414,80.01,83,20,4.61,few clouds
417,Makat,KZ,47.6469,53.3463,25.41,86,61,16.62,broken clouds
418,Outjo,NA,-20.1167,16.15,91.69,22,56,15.23,broken clouds
419,Maceio,BR,-9.6658,-35.7353,87.8,62,40,10.36,scattered clouds
420,Tulsipur,NP,28.131,82.2973,53.78,60,0,3.53,clear sky
421,Tual,ID,-5.6667,132.75,83.77,79,100,17.25,overcast clouds
422,Chabahar,IR,25.2919,60.643,69.24,53,0,6.87,clear sky
423,Mandiana,GN,10.6333,-8.6833,99.54,10,80,7.31,broken clouds
424,Gurupi,BR,-11.7292,-49.0686,69.87,96,100,8.79,overcast clouds
425,Gweta,BW,-20.1833,25.2333,87.37,43,99,5.41,overcast clouds
426,Griffith,US,41.5284,-87.4237,-2.2,65,1,6.91,clear sky
427,Ati,TD,13.2154,18.3353,90.5,10,62,8.34,broken clouds
428,Lishui,CN,28.4604,119.9103,62.92,76,92,2.89,overcast clouds
429,Chara,RU,56.9064,118.2631,-12.17,75,100,0.49,overcast clouds
430,Srednekolymsk,RU,67.45,153.6833,-7.85,88,100,7.23,overcast clouds
431,Dongsheng,CN,39.8161,109.9776,21.97,75,0,2.08,clear sky
432,Uarini,BR,-2.99,-65.1083,82.4,89,40,4.61,scattered clouds
433,Rocha,UY,-34.4833,-54.3333,78.93,53,12,4.61,few clouds
434,Povolzhskiy,RU,53.5854,49.7629,-2.2,71,0,8.95,clear sky
435,Panara,IN,22.0667,78.55,59.4,32,0,6.53,clear sky
436,Kadaya,RU,50.9327,119.2911,-19.59,87,0,1.41,clear sky
437,Hambantota,LK,6.1241,81.1185,78.8,89,0,10.36,clear sky
438,Roros,NO,62.5747,11.3842,1.4,78,75,3.44,broken clouds
439,Bogotol,RU,56.2078,89.5342,28.62,97,100,10.25,overcast clouds
440,Shitanjing,CN,39.2342,106.3439,29.12,78,89,6.29,overcast clouds
441,San Fernando,PH,15.0286,120.6898,75.2,78,40,3.44,scattered clouds
442,Ondjiva,AO,-17.0667,15.7333,93.2,27,40,9.22,scattered clouds
443,Codajas,BR,-3.8367,-62.0569,86.0,70,66,2.8,broken clouds
444,Port Hedland,AU,-20.3167,118.5667,80.6,69,0,10.36,clear sky
445,Byron Bay,AU,-28.65,153.6167,77.0,78,90,9.22,overcast clouds
446,Vestmanna,FO,62.1564,-7.1664,35.6,80,40,11.5,scattered clouds
447,Bathsheba,BB,13.2167,-59.5167,84.2,58,40,20.71,scattered clouds
448,Maracaibo,VE,10.6317,-71.6406,86.95,50,100,4.27,overcast clouds
449,Zaoyang,CN,32.1272,112.7542,48.83,48,100,11.77,light rain
450,Hualmay,PE,-11.0964,-77.6139,75.34,64,100,6.35,overcast clouds
451,San Cristobal,VE,7.7669,-72.225,84.2,58,20,6.91,few clouds
452,Raudeberg,NO,61.9875,5.1352,28.4,46,0,10.36,clear sky
453,Natitingou,BJ,10.3042,1.3796,95.0,11,77,4.61,broken clouds
454,Bonaventure,CA,48.0457,-65.4926,23.0,50,0,13.8,clear sky
455,Ouegoa,NC,-20.35,164.4333,77.25,73,70,1.59,broken clouds
456,Luanda,AO,-8.8368,13.2343,84.2,65,75,9.22,broken clouds
457,Qasigiannguit,GL,68.8193,-51.1922,23.0,46,0,35.68,mist
458,Mushie,CD,-3.0167,16.9,91.85,46,20,3.56,few clouds
459,Verkhniy Tagil,RU,57.3733,59.9556,-5.1,88,100,14.47,overcast clouds
460,Portland,US,45.5234,-122.6762,42.01,87,90,5.75,overcast clouds
461,Kavaratti,IN,10.5669,72.642,81.7,66,0,7.9,clear sky
462,Almunecar,ES,36.7339,-3.6907,62.01,52,2,10.0,clear sky
463,Terni,IT,42.6833,12.3167,53.01,88,100,1.01,overcast clouds
464,Taksimo,RU,56.3444,114.8794,-7.2,85,100,0.89,overcast clouds
465,Ozernovskiy,RU,51.5,156.5167,22.15,94,100,22.79,light snow
466,Snasa,NO,64.2457,12.3778,5.0,85,20,11.5,few clouds
467,Doembang Nangbuat,TH,14.8333,100.1,84.0,65,1,6.26,clear sky
468,Hirtshals,DK,57.5881,9.9592,27.0,74,75,18.41,broken clouds
469,Inuvik,CA,68.3499,-133.7218,-14.8,76,100,9.22,overcast clouds
470,Soni,TZ,-4.85,38.3667,69.24,93,100,1.74,light rain
471,Melfort,CA,52.8667,-104.6177,-36.4,67,3,6.91,clear sky
472,Cooma,AU,-36.2333,149.1333,51.8,87,90,5.75,overcast clouds
473,Karasjok,NO,69.4719,25.5112,23.0,74,75,21.85,broken clouds
474,Takapau,NZ,-40.0333,176.35,53.01,90,21,1.88,few clouds
475,Ancud,CL,-41.8697,-73.8203,75.2,41,0,4.61,clear sky
476,Kholodnyy,RU,62.7167,147.95,-1.3,84,100,7.02,overcast clouds
477,Nogales,MX,31.3086,-110.9422,48.99,56,1,3.83,clear sky
478,Half Moon Bay,US,37.4636,-122.4286,44.6,100,75,6.15,broken clouds
479,Vrangel,RU,42.7297,133.0839,11.16,87,2,12.66,clear sky
480,Gryazi,RU,52.4966,39.9359,-2.63,90,50,9.91,scattered clouds
481,Santa Isabel Do Rio Negro,BR,-0.4139,-65.0192,86.43,64,100,4.5,overcast clouds
482,Andapa,MG,-14.65,49.65,73.81,88,100,2.26,light rain
483,Atar,MR,20.5169,-13.0499,76.89,19,0,19.44,clear sky
484,Rocky Mountain House,CA,52.3668,-114.9188,-38.2,74,18,3.44,few clouds
485,Hua Hin,TH,12.5707,99.9588,81.0,89,0,7.63,clear sky
486,Linhares,BR,-19.3911,-40.0722,81.54,78,100,4.18,heavy intensity rain
487,Norman Wells,CA,65.282,-126.8329,-22.0,76,75,2.3,broken clouds
488,Chumikan,RU,54.7183,135.315,-7.58,84,99,24.72,overcast clouds
489,Guerrero Negro,MX,27.9769,-114.0611,57.38,52,0,2.68,clear sky
490,Kamphaeng Phet,TH,16.25,99.5,82.11,38,70,3.67,broken clouds
491,Belaya Gora,RU,68.5333,146.4167,-29.33,82,32,4.9,scattered clouds
492,Catemaco,MX,18.4167,-95.1167,77.0,78,75,11.5,broken clouds
493,Jinchang,CN,38.4953,102.1739,31.53,74,100,0.94,overcast clouds
494,Westport,US,41.1415,-73.3579,33.01,74,90,12.66,snow
495,Grand Gaube,MU,-20.0064,57.6608,82.0,75,71,5.99,broken clouds
496,Brigantine,US,39.4101,-74.3646,41.0,93,90,12.66,moderate rain
497,Gryfice,PL,53.9165,15.2003,21.99,53,0,12.66,clear sky
498,Nanzhang,CN,31.7765,111.8386,50.11,47,100,8.19,overcast clouds
499,Pueblo Bello,CO,8.2041,-76.526,81.99,76,97,3.76,overcast clouds
500,Areosa,PT,41.7178,-8.8571,52.0,81,90,17.27,overcast clouds
501,Alice Springs,AU,-23.7,133.8833,79.0,31,52,6.91,broken clouds
502,College,US,64.8569,-147.8028,-13.0,76,75,5.75,light snow
503,Pozo Colorado,PY,-23.4923,-58.7972,88.36,33,0,3.78,clear sky
504,Cody,US,44.5263,-109.0565,-2.99,77,90,12.66,light snow
505,Chippewa Falls,US,44.9369,-91.3929,-14.8,64,1,8.05,clear sky
506,Miri,MY,4.4148,114.0089,78.8,94,40,6.91,light rain
507,Isangel,VU,-19.55,169.2667,77.88,78,29,3.44,scattered clouds
508,Waingapu,ID,-9.6567,120.2641,78.78,81,93,5.1,overcast clouds
509,Varlamovo,RU,53.1897,48.4226,-5.21,88,99,10.96,overcast clouds
510,Oktyabrskoye,RU,43.0645,44.7417,28.4,93,90,8.95,overcast clouds
511,Gardabani,GE,41.4605,45.0928,50.0,62,40,21.85,scattered clouds
512,Khandyga,RU,62.6667,135.6,-33.47,82,38,3.02,scattered clouds
513,Banff,CA,51.1762,-115.5698,-22.0,76,100,2.3,overcast clouds
514,Ginda,IN,30.6945,78.4932,47.89,47,0,5.61,clear sky
515,Camacupa,AO,-12.0167,17.4833,72.68,84,100,6.4,light rain
516,La Macarena,CO,2.1837,-73.7849,85.21,65,73,3.22,broken clouds
517,Plainview,US,40.7765,-73.4673,35.01,80,90,8.05,moderate rain
518,Bambanglipuro,ID,-7.95,110.2833,76.87,91,100,4.81,moderate rain
519,Baillif,GP,16.0202,-61.7463,82.4,54,20,17.27,few clouds
520,Vydrino,RU,51.485,104.8461,15.26,89,43,3.15,scattered clouds
521,Te Anau,NZ,-45.4167,167.7167,53.2,84,100,3.04,overcast clouds
522,Nemuro,JP,43.3236,145.575,17.26,89,97,10.63,overcast clouds
523,Camana,PE,-16.6228,-72.7111,77.32,65,89,10.09,overcast clouds
524,Boende,CD,-0.2167,20.8667,90.57,46,85,1.9,overcast clouds
525,Marsala,IT,37.7966,12.4352,60.8,100,40,4.61,scattered clouds
526,Quime,BO,-16.9833,-67.2167,60.53,58,95,7.0,overcast clouds
527,Chanute,US,37.6792,-95.4572,14.0,79,90,10.36,light snow
528,Nhamunda,BR,-2.1861,-56.7131,86.11,71,80,4.12,moderate rain
529,Maues,BR,-3.3836,-57.7186,87.48,62,100,3.53,overcast clouds
530,Samur,RU,41.8253,48.486,42.22,78,91,11.3,overcast clouds
531,Corn Island,NI,12.1694,-83.0418,79.86,73,46,14.36,scattered clouds
532,Mustasaari,FI,63.1142,21.6822,25.0,86,75,8.05,broken clouds
533,Nova Serrana,BR,-19.8761,-44.9836,72.09,89,93,2.77,overcast clouds
534,Rovaniemi,FI,66.5,25.7167,14.0,92,0,8.05,clear sky
535,Young,UY,-32.6833,-57.6333,88.0,43,0,1.99,clear sky
536,Karlshamn,SE,56.1706,14.8619,27.0,74,0,12.66,clear sky
537,Trincomalee,LK,8.5711,81.2335,79.5,83,82,16.84,broken clouds
538,Abapo,BO,-18.8333,-63.4667,85.64,35,29,4.94,scattered clouds
539,Pacific Grove,US,36.6177,-121.9166,41.0,93,1,3.44,clear sky
540,Saint-Louis,SN,16.3333,-15.0,86.49,13,0,17.69,clear sky
541,Seoul,KR,37.5683,126.9778,30.2,59,0,4.61,clear sky
542,Riverton,US,40.5219,-111.9391,32.0,74,1,4.61,clear sky
543,Smithers,CA,54.7804,-127.1743,6.8,92,75,1.01,broken clouds
544,Ulladulla,AU,-35.35,150.4667,66.99,77,90,12.66,overcast clouds
545,Puerto Narino,CO,-3.7703,-70.3831,87.8,70,75,3.44,broken clouds
546,Shingu,JP,33.7333,135.9833,43.23,79,0,5.95,clear sky
547,Fremont,US,37.5483,-121.9886,45.0,87,1,2.01,clear sky
548,Ust-Nera,RU,64.5667,143.2,-14.84,77,99,4.07,overcast clouds
549,Adrar,MR,20.5022,-10.0711,72.48,21,0,17.83,clear sky
550,Krasnopillya,UA,50.7746,35.2597,3.34,93,67,5.68,broken clouds
551,Bitung,ID,1.4451,125.1824,77.0,94,40,2.3,scattered clouds
552,Asau,RO,46.4333,26.4,28.99,74,100,3.29,overcast clouds
553,Narsaq,GL,60.9167,-46.05,39.2,30,40,46.04,scattered clouds
554,Coahuayana,MX,18.7333,-103.6833,68.0,73,1,1.41,clear sky
555,Athmallik,IN,20.7219,84.5348,64.96,33,0,0.47,clear sky
556,Korla,CN,41.7597,86.1469,34.34,71,96,9.17,overcast clouds
557,Springbok,ZA,-29.6643,17.8865,82.6,31,0,21.39,clear sky
558,Oksovskiy,RU,62.6062,39.8984,-11.85,89,93,6.04,overcast clouds
559,Zhuhai,CN,22.2769,113.5678,72.0,94,0,4.61,clear sky
560,Aklavik,CA,68.2191,-135.0107,-14.8,76,99,9.22,overcast clouds
561,Teofilo Otoni,BR,-17.8575,-41.5053,75.34,79,100,5.28,overcast clouds
562,Naze,JP,28.3667,129.4833,58.08,64,0,8.77,clear sky
563,Juneau,US,58.3019,-134.4197,10.99,85,1,5.66,clear sky
564,Tyazhinskiy,RU,56.116,88.524,31.66,95,100,11.81,overcast clouds
565,Port Pirie,AU,-33.1833,138.0167,64.4,72,0,11.5,clear sky
566,Upata,VE,8.0086,-62.3989,82.0,74,100,1.99,overcast clouds
567,The Pas,CA,53.8251,-101.2541,-36.4,67,1,11.5,clear sky
568,Felanitx,ES,39.4696,3.1483,59.0,54,40,10.36,scattered clouds
569,Cockburn Town,TC,21.4612,-71.1419,77.9,81,3,21.52,clear sky
570,Isetskoye,RU,56.4858,65.3226,0.82,87,99,17.65,overcast clouds
571,Bulolo,PG,-7.2,146.65,73.18,77,94,1.81,overcast clouds
572,Baijiantan,CN,45.6333,85.1833,23.04,94,100,2.68,overcast clouds
573,Romny,UA,50.751,33.4747,4.71,93,100,3.76,overcast clouds
574,Valleyview,CA,55.0667,-117.2859,-41.8,66,4,9.22,clear sky
575,Japura,ID,-0.3167,102.35,77.32,79,100,2.15,overcast clouds
576,Jacqueville,CI,5.2052,-4.4146,86.0,79,20,13.8,few clouds
577,Florida,US,28.7505,-82.5001,69.01,88,90,10.36,overcast clouds
578,Ribeira Grande,PT,38.5167,-28.7,62.6,67,40,19.57,scattered clouds
579,Saint-Georges,GD,12.0564,-61.7485,84.2,61,20,17.27,few clouds
580,Jaisalmer,IN,26.9147,70.9181,62.89,26,0,0.85,clear sky
581,Jutai,BR,-5.1833,-68.9,82.2,88,80,2.13,broken clouds
582,Kimbe,PG,-5.5502,150.1429,77.5,84,42,2.28,scattered clouds
583,Seydi,TM,39.4816,62.9137,55.99,54,95,6.89,overcast clouds
584,Vinh,VN,18.6667,105.6667,67.77,93,82,1.7,broken clouds
585,Kassala,SD,15.451,36.4,83.37,15,0,9.91,clear sky
586,Kaeo,NZ,-35.1,173.7833,59.0,89,60,6.04,broken clouds
587,Camacha,PT,33.0833,-16.3333,62.6,77,40,13.8,scattered clouds
588,Beroroha,MG,-21.6667,45.1667,82.47,73,67,7.96,moderate rain
589,Scarborough,GB,54.2797,-0.4044,34.0,72,100,8.99,overcast clouds
590,Kushmurun,KZ,52.4503,64.6311,10.11,92,93,17.25,overcast clouds
591,Payo,ID,-3.7508,103.6372,73.63,94,100,1.63,overcast clouds
592,Karratha,AU,-20.7377,116.8463,79.65,66,4,10.89,clear sky
593,Gravdal,NO,68.1214,13.5031,32.0,80,40,4.61,scattered clouds
594,Ternate,ID,0.8,127.4,81.39,80,96,5.08,overcast clouds
595,Alyangula,AU,-13.8483,136.4192,80.6,89,75,11.5,broken clouds
596,San Andres,CO,12.5847,-81.7006,84.2,65,20,9.22,few clouds
597,Bubaque,GW,11.2833,-15.8333,80.28,51,1,10.54,clear sky
598,Kinna,SE,57.5073,12.6946,27.0,73,20,12.66,few clouds
599,Houma,US,29.5958,-90.7195,51.8,76,90,12.66,overcast clouds
600,Fergus Falls,US,46.283,-96.0776,-18.4,76,1,5.75,clear sky
601,Tepalcatepec,MX,19.1833,-102.85,74.34,47,0,1.12,clear sky
602,Dondo,MZ,-19.6094,34.7431,86.0,84,40,5.75,light rain
603,Lahaina,US,20.8783,-156.6825,64.0,77,40,3.44,scattered clouds
604,Longyan,CN,25.1072,117.0225,59.67,68,0,1.57,clear sky
605,Bowen,AU,-20.0167,148.2333,78.8,94,100,6.91,overcast clouds
606,Paredon,MX,16.0333,-93.8667,82.33,39,0,8.05,clear sky
607,Basirpur,PK,30.5832,73.829,60.84,33,0,2.19,clear sky
608,Yasothon,TH,15.75,104.1333,79.0,73,51,3.24,broken clouds
609,Basqal,AZ,40.7552,48.391,57.2,41,90,27.63,overcast clouds
610,Beyneu,KZ,45.3167,55.2,33.48,94,100,14.23,light snow
611,Mirnyy,RU,62.5353,113.9611,2.73,94,100,7.67,light snow
612,Beringovskiy,RU,63.05,179.3167,-5.89,89,99,13.44,overcast clouds
613,Mata,PT,40.683,-7.4592,46.99,87,100,7.0,overcast clouds
614,Petropavlovsk-Kamchatskiy,RU,53.0452,158.6483,23.0,86,75,6.71,light snow
615,Moa,CU,20.6569,-74.9403,82.63,69,45,6.38,scattered clouds
616,Bud,US,39.447,-86.1758,6.01,66,1,4.61,clear sky
617,Vermillion,US,42.7794,-96.9292,0.0,65,90,8.05,overcast clouds
618,Akyab,MM,20.15,92.9,74.89,48,0,15.86,clear sky
619,San Quintin,MX,30.4833,-115.95,56.34,71,0,2.8,clear sky
620,Belmonte,BR,-15.8631,-38.8828,84.2,61,75,18.41,broken clouds
621,San Vicente,AR,-26.6167,-54.1333,85.6,31,0,4.0,clear sky
622,Gunjur,GM,13.2019,-16.7339,83.88,26,28,13.85,scattered clouds
623,Viedma,AR,-40.8135,-62.9967,64.0,70,53,19.93,broken clouds
624,Sehithwa,BW,-20.4667,22.7167,75.24,80,100,8.68,moderate rain
625,Susanville,US,40.4163,-120.653,26.6,74,1,4.61,clear sky
626,Machali,CL,-34.1833,-70.6667,71.6,60,90,4.21,mist
627,San Juan Del Sur,NI,11.2529,-85.8705,80.6,78,20,6.91,few clouds
628,Goundam,ML,16.4145,-3.6708,83.25,15,100,16.26,overcast clouds
629,Vao,NC,-22.6667,167.4833,77.16,87,15,8.34,few clouds
630,Susuman,RU,62.7833,148.1667,-2.27,86,100,5.75,overcast clouds
631,Chengde,CN,40.9725,117.9361,19.45,75,0,2.73,clear sky
632,Kutum,SD,14.2,24.6667,76.69,15,18,15.86,few clouds
633,Ayolas,PY,-27.4,-56.9,81.99,46,0,5.79,clear sky
634,Coolum Beach,AU,-26.5333,153.1,77.0,97,100,3.6,overcast clouds
635,Negara,ID,-8.3151,114.6025,76.64,91,100,3.4,light rain
636,Hoquiam,US,46.9809,-123.8893,44.6,76,90,11.5,overcast clouds
637,Zilair,RU,52.2332,57.4392,1.18,92,100,12.84,light snow
638,Maragogi,BR,-9.0122,-35.2225,85.33,63,84,11.27,broken clouds
639,Nishihara,JP,26.1842,127.7558,62.6,63,20,6.78,few clouds
640,Mogadishu,SO,2.0371,45.3438,82.4,61,20,19.57,few clouds
641,George Town,MY,5.4112,100.3354,84.2,74,20,3.44,few clouds
642,Churachandpur,IN,24.3333,93.6667,49.44,75,16,0.74,few clouds
643,Berdigestyakh,RU,62.0989,126.6992,-30.75,83,7,5.61,clear sky
644,Ivybridge,GB,50.3904,-3.9191,41.0,64,21,7.0,few clouds
645,Hirara,JP,24.8,125.2833,68.81,74,100,12.41,overcast clouds
646,Kaniama,CD,-7.5667,24.1833,76.86,84,57,5.88,light rain
647,Besenyszog,HU,47.3,20.2667,37.4,93,90,11.5,mist
648,Barstow,US,34.8986,-117.0228,41.0,42,1,9.22,clear sky
649,Elizabeth City,US,36.2946,-76.2511,46.4,87,90,11.5,overcast clouds
650,Solnechnyy,RU,50.7214,136.6319,-1.61,89,92,5.03,overcast clouds
651,Udachnyy,RU,66.4167,112.4,-23.87,84,100,7.27,overcast clouds
652,San Carlos Del Zulia,VE,9.0,-71.9135,84.87,61,63,3.18,broken clouds
653,Puerto Baquerizo Moreno,EC,-0.9,-89.6,80.6,89,20,14.97,light rain
654,Druskininkai,LT,54.0167,23.9667,3.0,85,43,4.47,scattered clouds
655,Muriwai Beach,NZ,-36.8167,174.45,63.0,86,9,1.01,clear sky
656,Binga,ZW,-17.6203,27.3414,82.09,69,83,6.26,broken clouds
657,Broome,US,42.2506,-75.833,28.0,86,90,11.5,snow
658,Bocaiuva,BR,-17.1078,-43.815,75.33,78,100,9.37,overcast clouds
659,Sokolovyy,RU,51.5686,45.8331,3.0,54,98,5.01,overcast clouds
660,Kandrian,PG,-6.2167,149.55,80.02,81,97,10.09,overcast clouds
661,El Rosario,MX,24.2556,-107.1828,55.4,88,40,1.28,scattered clouds
662,Yenotayevka,RU,47.2456,47.0281,25.0,94,2,1.01,clear sky
663,Coos Bay,US,43.3665,-124.2179,44.6,93,90,6.91,mist
664,Ambovombe,MG,-25.1667,46.0833,79.95,82,28,11.54,light rain
665,Puerto Colombia,CO,10.9878,-74.9547,87.8,66,0,3.44,clear sky
666,Doha,QA,25.2867,51.5333,75.2,68,40,16.11,scattered clouds
667,Robinson,US,31.4677,-97.1147,42.01,87,1,6.91,clear sky
668,Macedo De Cavaleiros,PT,41.5382,-6.9611,37.99,99,100,5.91,overcast clouds
669,Ahuimanu,US,21.4447,-157.8378,66.2,77,90,4.61,overcast clouds
670,Seoni,IN,22.0833,79.5333,60.69,30,0,7.47,clear sky
671,Yerkoy,TR,39.6381,34.4672,56.89,43,57,7.65,broken clouds
672,Lugo,ES,43.0,-7.5,46.0,88,100,1.99,overcast clouds
673,Tulare,US,36.2666,-118.8009,43.0,87,1,5.75,clear sky
674,Lantawan,PH,10.6167,123.9833,78.8,89,90,5.75,overcast clouds
675,Bobon,PH,12.5246,124.5636,77.9,89,100,14.72,light rain
676,Fairbanks,US,64.8378,-147.7164,-13.0,83,1,4.61,clear sky
677,Constitucion,CL,-35.3333,-72.4167,64.62,73,98,2.66,overcast clouds
678,Dunhua,CN,43.3725,128.2425,-2.67,90,27,8.01,scattered clouds
679,Bafq,IR,31.6128,55.4107,66.07,28,11,19.37,few clouds
680,Camopi,GF,3.1655,-52.3158,76.39,96,100,2.28,overcast clouds
681,Hay River,CA,60.8156,-115.7999,-41.8,66,34,4.61,scattered clouds
682,Alofi,NU,-19.0595,-169.9187,77.0,94,76,4.61,broken clouds
683,Shiyan,CN,32.6475,110.7781,39.99,49,100,10.69,overcast clouds
684,Konstantinovka,RU,49.6167,127.9833,-13.79,87,8,6.33,clear sky
685,Changji,CN,44.0167,87.3167,15.8,79,100,2.24,mist
686,Chunhuhub,MX,19.55,-88.6833,74.08,92,100,2.39,overcast clouds
687,Mpongwe,ZM,-13.5091,28.155,74.62,90,97,2.68,moderate rain
688,Wewak,PG,-3.5534,143.6268,79.77,79,96,6.49,overcast clouds
689,Ouadda,CF,8.0777,22.4007,91.85,10,51,8.1,broken clouds
690,Bandarbeyla,SO,9.4942,50.8122,77.09,74,0,15.28,clear sky
691,Kelvington,CA,52.1667,-103.5343,-31.0,68,30,2.3,scattered clouds
692,Waipawa,NZ,-41.4122,175.5153,64.4,82,90,12.66,overcast clouds
693,Kieta,PG,-6.2167,155.6333,79.48,81,100,4.34,overcast clouds
694,Laguna,US,38.421,-121.4238,43.0,87,1,5.41,mist
695,Pringsewu,ID,-5.3582,104.9744,74.82,91,100,2.89,moderate rain
696,Hirado,JP,33.3597,129.5531,48.0,93,0,5.01,clear sky
697,Aguada,PR,18.3794,-67.1882,84.0,57,20,12.66,few clouds
698,Vagur,FO,61.4732,-6.8119,36.86,78,99,17.45,overcast clouds
699,Dryden,CA,49.7833,-92.7503,-29.2,75,1,16.11,clear sky
700,Tabuk,PH,17.4189,121.4443,71.82,90,64,2.46,broken clouds
701,Makakilo City,US,21.3469,-158.0858,62.6,77,20,3.44,few clouds
702,Alappuzha,IN,9.49,76.3264,80.38,69,27,3.89,scattered clouds
703,Marzuq,YE,14.4,46.4667,70.43,39,0,3.89,clear sky
704,Menongue,AO,-14.6585,17.691,76.19,74,100,5.23,light rain
705,Champasak,LA,14.75,106.0,78.64,53,96,3.49,overcast clouds
706,Qaqortoq,GL,60.7167,-46.0333,39.2,30,40,46.04,scattered clouds
707,Ewo,CG,-0.8725,14.8206,89.31,48,43,5.55,scattered clouds
708,Canutama,BR,-6.5339,-64.3831,79.97,84,100,1.25,overcast clouds
709,Spaichingen,DE,48.0833,8.7167,39.99,88,100,6.17,light rain
710,Santa Marta,CO,11.2408,-74.199,87.01,74,20,3.44,few clouds
711,Vila Velha,BR,-20.3297,-40.2925,71.6,94,90,5.75,mist
712,Roald,NO,62.5833,6.1333,26.6,46,0,14.97,clear sky
713,Yemelyanovo,RU,56.1681,92.6767,35.6,51,0,8.95,clear sky
714,Vyartsilya,RU,62.1764,30.693,15.55,96,100,7.61,overcast clouds
715,Jizan,SA,17.3333,42.6667,80.6,61,20,12.66,few clouds
716,Warrenton,ZA,-28.114,24.8475,88.05,28,14,5.53,few clouds
